Workbook

Sheet Bilgi
A1: Kahve Durağı — Defter Çalışma Kitabı
A2: KURGUSAL İŞLETME · Muhasebe 101 lab'ı · Bu çalışma kitabı eğitim amaçlıdır. Mali müşavirlik hizmeti değildir. Kendi durumunuz için mali müşavirinize danışın.
A4: Unvan | B4: Kahve Durağı Ltd. Şti. (KURGUSAL)
A5: Faaliyet | B5: kahve demleme ekipmanı satan küçük dükkân ve çevrim içi satış (kurgusal)
A6: Vergi kimlik no | B6: 0000000000
A7: Adres | B7: Örnek Mah. Deneme Sok. No: 0, Eskişehir (kurgusal)
A8: Telefon | B8: 0222 000 00 00
A9: E-posta | B9: defter@example.com
A10: Defter esası | B10: bilanço esası — her türlü ticaret şirketi I. sınıf tüccardır (VUK md. 177/4)
A11: Dönem | B11: Ocak 2026 (ara dönem, öğrenme amaçlı)
A13: Parametreler (formüller buradan okur)
A14: Parametre | B14: Değer | C14: Kaynak / not
A15: KDV genel oranı | B15: 0.2 | C15: 2007/13033 sayılı BKK md. 1/(a), 7346 sayılı Cumhurbaşkanı Kararı ile %18 → %20 (RG 7.7.2023, sayı 32241); GİB mevzuat sayfasında KDV oran kararlarının sonuncusu 9126 (RG 14.11.2024, yalnız liste değişikliği) — okundu 2026-09-25 · Kahve Durağı'nın bütün alış/satışlarında genel oran uygulandığı VARSAYILDI; bir ürünün (I) ya da (II) sayılı listede olup olmadığı ders kapsamında belirlenmez
A16: Doğrudan gider yazma haddi (2026) | B16: 12000 | C16: VUK md. 313; 588 Sıra No.lu VUK Genel Tebliği ile 1.1.2026'dan geçerli tutar (RG 30.12.2025, sayı 33124 5. mükerrer) — mevzuat.gov.tr VUK metni, okundu 2026-09-25
A17: Tezgâh ve raf sistemi faydalı ömrü (ÖRNEK) | B17: 5 | C17: ÖRNEK — Hazine ve Maliye Bakanlığı amortisman listesindeki karşılığı bu kayıtta doğrulanmadı (ACIK-SORULAR Q7)
A19: Sayfalar
A20: Hesap Planı | B20: kullanılan hesaplar — Tekdüzen Hesap Planı kodlarıyla (MSUGT, RG 26.12.1992)
A21: Yevmiye | B21: tarih sırasıyla maddeler; her madde borç = alacak
A22: Büyük Defter | B22: yevmiyedeki satırların hesap hesap dağılımı ve bakiyesi
A23: Mizan | B23: hesapların borç/alacak toplamları ve kalanları; denklik kontrolü
A24: Banka Ekstresi | B24: bankanın belgesi (kurgusal) ve defterle mutabakat
A25: KDV | B25: hesaplanan, indirilecek, ödenecek / devreden KDV
A26: Stok | B26: ay sonu sayım → satılan malın maliyeti
A27: Amortisman | B27: demirbaşın yıllara dağıtılması; doğrudan gider haddi
A28: Gelir Tablosu | B28: dönemin kârı — mizandan formülle
A29: Bilanço | B29: ay sonu varlıklar = kaynaklar — mizandan formülle
A30: Takvim | B30: 2026 vergi takvimi örnekleri (GİB, okundu 2026-09-25)

Sheet Hesap Planı
A1: Hesap Planı (kullanılan hesaplar)
A2: Kodlar Tekdüzen Hesap Planı'ndan (Muhasebe Sistemi Uygulama Genel Tebliği Sıra No: 1, RG 26.12.1992 sayı 21447 mük.). Ticaret işletmesi olarak giderler 7/B seçeneğiyle (79 Gider Çeşitleri) izlenir.
A4: Kod | B4: Hesap adı | C4: Grup | D4: Tür | E4: Normal bakiye
A5: 100 | B5: Kasa | C5: 1 Dönen Varlıklar | D5: Varlık | E5: Borç
A6: 102 | B6: Bankalar | C6: 1 Dönen Varlıklar | D6: Varlık | E6: Borç
A7: 120 | B7: Alıcılar | C7: 1 Dönen Varlıklar | D7: Varlık | E7: Borç
A8: 153 | B8: Ticari Mallar | C8: 1 Dönen Varlıklar | D8: Varlık | E8: Borç
A9: 191 | B9: İndirilecek KDV | C9: 1 Dönen Varlıklar | D9: Varlık | E9: Borç
A10: 255 | B10: Demirbaşlar | C10: 2 Duran Varlıklar | D10: Varlık | E10: Borç
A11: 257 | B11: Birikmiş Amortismanlar (-) | C11: 2 Duran Varlıklar | D11: Varlık (düzenleyici) | E11: Alacak
A12: 320 | B12: Satıcılar | C12: 3 Kısa Vadeli Yabancı Kaynaklar | D12: Kaynak | E12: Alacak
A13: 360 | B13: Ödenecek Vergi ve Fonlar | C13: 3 Kısa Vadeli Yabancı Kaynaklar | D13: Kaynak | E13: Alacak
A14: 391 | B14: Hesaplanan KDV | C14: 3 Kısa Vadeli Yabancı Kaynaklar | D14: Kaynak | E14: Alacak
A15: 500 | B15: Sermaye | C15: 5 Öz Kaynaklar | D15: Kaynak | E15: Alacak
A16: 600 | B16: Yurt İçi Satışlar | C16: 6 Gelir Tablosu Hesapları | D16: Gelir | E16: Alacak
... A22: 798 | B22: Gider Çeşitleri Yansıtma Hesabı | C22: 7 Maliyet Hesapları (7/B) | D22: Yansıtma | E22: Alacak

Sheet Yevmiye
A1: Yevmiye Defteri — Ocak 2026
A2: Her madde bir belgeye dayanır; bir maddenin borç toplamı alacak toplamına eşit olmalıdır (I sütunu).
A4: Madde | B4: Tarih | C4: Belge | D4: Açıklama | E4: Hesap | F4: Hesap adı | G4: Borç | H4: Alacak | I4: Madde kontrolü
F5: =IF(E5="","",IFERROR(VLOOKUP(E5,'Hesap Planı'!$A$5:$B$22,2,FALSE),"HESAP PLANINDA YOK"))
F6: =IF(E6="","",IFERROR(VLOOKUP(E6,'Hesap Planı'!$A$5:$B$22,2,FALSE),"HESAP PLANINDA YOK"))
F7: =IF(E7="","",IFERROR(VLOOKUP(E7,'Hesap Planı'!$A$5:$B$22,2,FALSE),"HESAP PLANINDA YOK"))
F8: =IF(E8="","",IFERROR(VLOOKUP(E8,'Hesap Planı'!$A$5:$B$22,2,FALSE),"HESAP PLANINDA YOK"))
F9: =IF(E9="","",IFERROR(VLOOKUP(E9,'Hesap Planı'!$A$5:$B$22,2,FALSE),"HESAP PLANINDA YOK"))
F10: =IF(E10="","",IFERROR(VLOOKUP(E10,'Hesap Planı'!$A$5:$B$22,2,FALSE),"HESAP PLANINDA YOK"))
F11: =IF(E11="","",IFERROR(VLOOKUP(E11,'Hesap Planı'!$A$5:$B$22,2,FALSE),"HESAP PLANINDA YOK"))
F12: =IF(E12="","",IFERROR(VLOOKUP(E12,'Hesap Planı'!$A$5:$B$22,2,FALSE),"HESAP PLANINDA YOK"))
F13: =IF(E13="","",IFERROR(VLOOKUP(E13,'Hesap Planı'!$A$5:$B$22,2,FALSE),"HESAP PLANINDA YOK"))
F14: =IF(E14="","",IFERROR(VLOOKUP(E14,'Hesap Planı'!$A$5:$B$22,2,FALSE),"HESAP PLANINDA YOK"))
F15: =IF(E15="","",IFERROR(VLOOKUP(E15,'Hesap Planı'!$A$5:$B$22,2,FALSE),"HESAP PLANINDA YOK"))
F16: =IF(E16="","",IFERROR(VLOOKUP(E16,'Hesap Planı'!$A$5:$B$22,2,FALSE),"HESAP PLANINDA YOK"))
... F200: =IF(E200="","",IFERROR(VLOOKUP(E200,'Hesap Planı'!$A$5:$B$22,2,FALSE),"HESAP PLANINDA YOK"))
F201: TOPLAM | G201: =SUM(G5:G200) | H201: =SUM(H5:H200) | I201: =IF(ROUND(G201-H201,2)=0,"DENK","DENK DEĞİL")

Sheet Mizan
A1: Mizan — 31.01.2026
A2: Toplamlar Yevmiye sayfasından SUMIF ile gelir. Borç toplamı = alacak toplamı ve borç kalanı = alacak kalanı olmalıdır.
A4: Kod | B4: Hesap adı | C4: Borç toplamı | D4: Alacak toplamı | E4: Borç kalanı | F4: Alacak kalanı
A5: 100 | B5: Kasa | C5: =SUMIF(Yevmiye!$E$5:$E$200,A5,Yevmiye!$G$5:$G$200) | D5: =SUMIF(Yevmiye!$E$5:$E$200,A5,Yevmiye!$H$5:$H$200) | E5: =MAX(C5-D5,0) | F5: =MAX(D5-C5,0)
A6: 102 | B6: Bankalar | C6: =SUMIF(Yevmiye!$E$5:$E$200,A6,Yevmiye!$G$5:$G$200) | D6: =SUMIF(Yevmiye!$E$5:$E$200,A6,Yevmiye!$H$5:$H$200) | E6: =MAX(C6-D6,0) | F6: =MAX(D6-C6,0)
A7: 120 | B7: Alıcılar | C7: =SUMIF(Yevmiye!$E$5:$E$200,A7,Yevmiye!$G$5:$G$200) | D7: =SUMIF(Yevmiye!$E$5:$E$200,A7,Yevmiye!$H$5:$H$200) | E7: =MAX(C7-D7,0) | F7: =MAX(D7-C7,0)
A8: 153 | B8: Ticari Mallar | C8: =SUMIF(Yevmiye!$E$5:$E$200,A8,Yevmiye!$G$5:$G$200) | D8: =SUMIF(Yevmiye!$E$5:$E$200,A8,Yevmiye!$H$5:$H$200) | E8: =MAX(C8-D8,0) | F8: =MAX(D8-C8,0)
A9: 191 | B9: İndirilecek KDV | C9: =SUMIF(Yevmiye!$E$5:$E$200,A9,Yevmiye!$G$5:$G$200) | D9: =SUMIF(Yevmiye!$E$5:$E$200,A9,Yevmiye!$H$5:$H$200) | E9: =MAX(C9-D9,0) | F9: =MAX(D9-C9,0)
A10: 255 | B10: Demirbaşlar | C10: =SUMIF(Yevmiye!$E$5:$E$200,A10,Yevmiye!$G$5:$G$200) | D10: =SUMIF(Yevmiye!$E$5:$E$200,A10,Yevmiye!$H$5:$H$200) | E10: =MAX(C10-D10,0) | F10: =MAX(D10-C10,0)
A11: 257 | B11: Birikmiş Amortismanlar (-) | C11: =SUMIF(Yevmiye!$E$5:$E$200,A11,Yevmiye!$G$5:$G$200) | D11: =SUMIF(Yevmiye!$E$5:$E$200,A11,Yevmiye!$H$5:$H$200) | E11: =MAX(C11-D11,0) | F11: =MAX(D11-C11,0)
A12: 320 | B12: Satıcılar | C12: =SUMIF(Yevmiye!$E$5:$E$200,A12,Yevmiye!$G$5:$G$200) | D12: =SUMIF(Yevmiye!$E$5:$E$200,A12,Yevmiye!$H$5:$H$200) | E12: =MAX(C12-D12,0) | F12: =MAX(D12-C12,0)
A13: 360 | B13: Ödenecek Vergi ve Fonlar | C13: =SUMIF(Yevmiye!$E$5:$E$200,A13,Yevmiye!$G$5:$G$200) | D13: =SUMIF(Yevmiye!$E$5:$E$200,A13,Yevmiye!$H$5:$H$200) | E13: =MAX(C13-D13,0) | F13: =MAX(D13-C13,0)
A14: 391 | B14: Hesaplanan KDV | C14: =SUMIF(Yevmiye!$E$5:$E$200,A14,Yevmiye!$G$5:$G$200) | D14: =SUMIF(Yevmiye!$E$5:$E$200,A14,Yevmiye!$H$5:$H$200) | E14: =MAX(C14-D14,0) | F14: =MAX(D14-C14,0)
A15: 500 | B15: Sermaye | C15: =SUMIF(Yevmiye!$E$5:$E$200,A15,Yevmiye!$G$5:$G$200) | D15: =SUMIF(Yevmiye!$E$5:$E$200,A15,Yevmiye!$H$5:$H$200) | E15: =MAX(C15-D15,0) | F15: =MAX(D15-C15,0)
A16: 600 | B16: Yurt İçi Satışlar | C16: =SUMIF(Yevmiye!$E$5:$E$200,A16,Yevmiye!$G$5:$G$200) | D16: =SUMIF(Yevmiye!$E$5:$E$200,A16,Yevmiye!$H$5:$H$200) | E16: =MAX(C16-D16,0) | F16: =MAX(D16-C16,0)
... A22: 798 | B22: Gider Çeşitleri Yansıtma Hesabı | C22: =SUMIF(Yevmiye!$E$5:$E$200,A22,Yevmiye!$G$5:$G$200) | D22: =SUMIF(Yevmiye!$E$5:$E$200,A22,Yevmiye!$H$5:$H$200) | E22: =MAX(C22-D22,0) | F22: =MAX(D22-C22,0)
B23: TOPLAM | C23: =SUM(C5:C22) | D23: =SUM(D5:D22) | E23: =SUM(E5:E22) | F23: =SUM(F5:F22)
A25: Kontroller
A26: Hareket toplamları (borç = alacak) | E26: =IF(ROUND(C23-D23,2)=0,"DENK","DENK DEĞİL")
A27: Kalan toplamları (borç kalanı = alacak kalanı) | E27: =IF(ROUND(E23-F23,2)=0,"DENK","DENK DEĞİL")
A28: Mizan borç toplamı = Yevmiye borç toplamı | E28: =IF(ROUND(C23-Yevmiye!G201,2)=0,"EŞİT","EŞİT DEĞİL — hesap planında olmayan kod var mı?")
A29: 7/B gider çeşitleri aktarıldı mı (79x − 798 = 0) | E29: =IF(ROUND(SUMIF(A5:A22,">=790",E5:E22)-SUMIF(A5:A22,">=790",F5:F22),2)=0,"AKTARILDI","AKTARILMADI")

Sheet Gelir Tablosu
A1: Gelir Tablosu — 01.01.2026–31.01.2026 (ara dönem)
A2: Tutarlar Mizan sayfasından formülle gelir. Vergi karşılığı bu çalışmanın kapsamı dışında (vergi öncesi kâr).
A4: A. Brüt satışlar — Yurt içi satışlar (600) | B4: =SUMIF(Mizan!$A$5:$A$40,600,Mizan!$F$5:$F$40)-SUMIF(Mizan!$A$5:$A$40,600,Mizan!$E$5:$E$40)
A5: B. Satış indirimleri (−) | B5: 0
A6: C. Net satışlar | B6: =B4-B5
A7: D. Satışların maliyeti (−) — Satılan ticari mallar maliyeti (621) | B7: =SUMIF(Mizan!$A$5:$A$40,621,Mizan!$E$5:$E$40)-SUMIF(Mizan!$A$5:$A$40,621,Mizan!$F$5:$F$40)
A8: Brüt satış kârı | B8: =B6-B7
A9: E. Faaliyet giderleri (−) — Genel yönetim giderleri (632) | B9: =SUMIF(Mizan!$A$5:$A$40,632,Mizan!$E$5:$E$40)-SUMIF(Mizan!$A$5:$A$40,632,Mizan!$F$5:$F$40)
A10: Faaliyet kârı | B10: =B8-B9
A11: Dönem kârı (vergi öncesi) | B11: =B10
A13: Brüt kâr marjı | B13: =IF(B6=0,0,B8/B6)
A15: Kontrol: gelir tablosu hesaplarının net kalanı = dönem kârı | B15: =IF(ROUND(SUMIFS(Mizan!$F$5:$F$40,Mizan!$A$5:$A$40,">=600",Mizan!$A$5:$A$40,"<700")-SUMIFS(Mizan!$E$5:$E$40,Mizan!$A$5:$A$40,">=600",Mizan!$A$5:$A$40,"<700")-B11,2)=0,"TUTUYOR","FARK VAR")

Sheet Bilanço
A1: Bilanço — 31.01.2026 (ara dönem)
A2: Aktif (varlıklar) = Pasif (kaynaklar). Dönem kârı Gelir Tablosu'ndan gelir; resmî yıl sonu bilançosu değildir.
A4: AKTİF (Varlıklar) | B4: Tutar | D4: PASİF (Kaynaklar) | E4: Tutar
A5: I. DÖNEN VARLIKLAR | D5: III. KISA VADELİ YABANCI KAYNAKLAR
A6: Kasa (100) | B6: =(SUMIF(Mizan!$A$5:$A$40,100,Mizan!$E$5:$E$40)-SUMIF(Mizan!$A$5:$A$40,100,Mizan!$F$5:$F$40)) | D6: Satıcılar (320) | E6: =(SUMIF(Mizan!$A$5:$A$40,320,Mizan!$F$5:$F$40)-SUMIF(Mizan!$A$5:$A$40,320,Mizan!$E$5:$E$40))
A7: Bankalar (102) | B7: =(SUMIF(Mizan!$A$5:$A$40,102,Mizan!$E$5:$E$40)-SUMIF(Mizan!$A$5:$A$40,102,Mizan!$F$5:$F$40)) | D7: Ödenecek vergi ve fonlar (360) | E7: =(SUMIF(Mizan!$A$5:$A$40,360,Mizan!$F$5:$F$40)-SUMIF(Mizan!$A$5:$A$40,360,Mizan!$E$5:$E$40))
A8: Alıcılar (120) | B8: =(SUMIF(Mizan!$A$5:$A$40,120,Mizan!$E$5:$E$40)-SUMIF(Mizan!$A$5:$A$40,120,Mizan!$F$5:$F$40)) | D8: Hesaplanan KDV (391) | E8: =(SUMIF(Mizan!$A$5:$A$40,391,Mizan!$F$5:$F$40)-SUMIF(Mizan!$A$5:$A$40,391,Mizan!$E$5:$E$40))
A9: Ticari mallar (153) | B9: =(SUMIF(Mizan!$A$5:$A$40,153,Mizan!$E$5:$E$40)-SUMIF(Mizan!$A$5:$A$40,153,Mizan!$F$5:$F$40)) | D9: Kısa vadeli yabancı kaynaklar toplamı | E9: =SUM(E6:E8)
A10: İndirilecek KDV — devreden (191) | B10: =(SUMIF(Mizan!$A$5:$A$40,191,Mizan!$E$5:$E$40)-SUMIF(Mizan!$A$5:$A$40,191,Mizan!$F$5:$F$40)) | D10: V. ÖZ KAYNAKLAR
A11: Dönen varlıklar toplamı | B11: =SUM(B6:B10) | D11: Sermaye (500) | E11: =(SUMIF(Mizan!$A$5:$A$40,500,Mizan!$F$5:$F$40)-SUMIF(Mizan!$A$5:$A$40,500,Mizan!$E$5:$E$40))
A12: II. DURAN VARLIKLAR | D12: Dönem kârı (Gelir Tablosu, vergi öncesi) | E12: ='Gelir Tablosu'!B11
A13: Demirbaşlar (255) | B13: =(SUMIF(Mizan!$A$5:$A$40,255,Mizan!$E$5:$E$40)-SUMIF(Mizan!$A$5:$A$40,255,Mizan!$F$5:$F$40)) | D13: Öz kaynaklar toplamı | E13: =SUM(E11:E12)
A14: Birikmiş amortismanlar (257) (−) | B14: =-(SUMIF(Mizan!$A$5:$A$40,257,Mizan!$F$5:$F$40)-SUMIF(Mizan!$A$5:$A$40,257,Mizan!$E$5:$E$40))
A15: Duran varlıklar toplamı | B15: =SUM(B13:B14)
A17: AKTİF TOPLAMI | B17: =B11+B15 | D17: PASİF TOPLAMI | E17: =E9+E13
A19: Kontrol: aktif = pasif | B19: =IF(ROUND(B17-E17,2)=0,"DENK","DENK DEĞİL")
